{
	"info": {
		"_postman_id": "6c42489f-67ac-4914-97b4-dd50f0ea765b",
		"name": "Railway_management_system (Prasthan)",
		"schema": "https://schema.getpostman.com/json/collection/v2.1.0/collection.json",
		"_exporter_id": "19027258"
	},
	"item": [
		{
			"name": "login",
			"item": [
				{
					"name": "login Authentication",
					"request": {
						"method": "POST",
						"header": [],
						"body": {
							"mode": "raw",
							"raw": "{       \r\n        \"email\": \"vinay1@gmail.com\",\r\n        \"password\": \"vinay1\"\r\n    }",
							"options": {
								"raw": {
									"language": "json"
								}
							}
						},
						"url": {
							"raw": "http://localhost:9999/login",
							"protocol": "http",
							"host": [
								"localhost"
							],
							"port": "9999",
							"path": [
								"login"
							]
						}
					},
					"response": []
				}
			]
		},
		{
			"name": "Booking",
			"item": [
				{
					"name": "booking by id",
					"request": {
						"method": "GET",
						"header": [],
						"url": {
							"raw": "http://localhost:9999/booking/1",
							"protocol": "http",
							"host": [
								"localhost"
							],
							"port": "9999",
							"path": [
								"booking",
								"1"
							]
						}
					},
					"response": []
				},
				{
					"name": "Tickects by User",
					"request": {
						"method": "GET",
						"header": [],
						"url": {
							"raw": "http://localhost:9999/tickets/1",
							"protocol": "http",
							"host": [
								"localhost"
							],
							"port": "9999",
							"path": [
								"tickets",
								"1"
							]
						}
					},
					"response": []
				},
				{
					"name": "Train schedules",
					"request": {
						"method": "GET",
						"header": [],
						"url": {
							"raw": "http://localhost:9999/schedules",
							"protocol": "http",
							"host": [
								"localhost"
							],
							"port": "9999",
							"path": [
								"schedules"
							]
						}
					},
					"response": []
				},
				{
					"name": "Payment by BookingId",
					"request": {
						"method": "GET",
						"header": [],
						"url": {
							"raw": "http://localhost:9999/payment/1",
							"protocol": "http",
							"host": [
								"localhost"
							],
							"port": "9999",
							"path": [
								"payment",
								"1"
							]
						}
					},
					"response": []
				},
				{
					"name": "Ticket Cancelletion",
					"request": {
						"method": "POST",
						"header": [],
						"body": {
							"mode": "raw",
							"raw": "{\r\n  \r\n  \"CancellationDate\": \"2024-12-28\",\r\n  \"RefundAmount\": 100.00,\r\n  \"RefundStatus\": \"Pending\"\r\n}\r\n",
							"options": {
								"raw": {
									"language": "json"
								}
							}
						},
						"url": {
							"raw": "http://localhost:9999/cancellation",
							"protocol": "http",
							"host": [
								"localhost"
							],
							"port": "9999",
							"path": [
								"cancellation"
							]
						}
					},
					"response": []
				},
				{
					"name": "Book a ticket",
					"request": {
						"method": "POST",
						"header": [],
						"body": {
							"mode": "raw",
							"raw": "{\r\n  \"UserId\": \"1\",\r\n  \"TrainNo\": \"1\",\r\n  \"NoOfPassengers\": 4,\r\n  \"BookingDate\": \"2024-12-28\",\r\n  \"TotalFare\": 700\r\n}\r\n",
							"options": {
								"raw": {
									"language": "json"
								}
							}
						},
						"url": {
							"raw": "http://localhost:9999/ticket",
							"protocol": "http",
							"host": [
								"localhost"
							],
							"port": "9999",
							"path": [
								"ticket"
							]
						}
					},
					"response": []
				},
				{
					"name": "route by trainNo",
					"request": {
						"method": "GET",
						"header": [],
						"url": {
							"raw": "http://localhost:9999/route/1",
							"protocol": "http",
							"host": [
								"localhost"
							],
							"port": "9999",
							"path": [
								"route",
								"1"
							]
						}
					},
					"response": []
				},
				{
					"name": "schedule by trainNo",
					"request": {
						"method": "GET",
						"header": [],
						"url": {
							"raw": "http://localhost:9999/schedule/1",
							"protocol": "http",
							"host": [
								"localhost"
							],
							"port": "9999",
							"path": [
								"schedule",
								"1"
							]
						}
					},
					"response": []
				},
				{
					"name": "Available seats",
					"request": {
						"method": "GET",
						"header": [],
						"url": {
							"raw": "http://localhost:9999/seats/1/1",
							"protocol": "http",
							"host": [
								"localhost"
							],
							"port": "9999",
							"path": [
								"seats",
								"1",
								"1"
							]
						}
					},
					"response": []
				}
			]
		},
		{
			"name": "Admin",
			"item": [
				{
					"name": "show all admins",
					"request": {
						"method": "GET",
						"header": [],
						"url": {
							"raw": "http://localhost:9999/admin",
							"protocol": "http",
							"host": [
								"localhost"
							],
							"port": "9999",
							"path": [
								"admin"
							]
						}
					},
					"response": []
				},
				{
					"name": "admin by id",
					"request": {
						"method": "GET",
						"header": [],
						"url": {
							"raw": "http://localhost:9999/admin/1",
							"protocol": "http",
							"host": [
								"localhost"
							],
							"port": "9999",
							"path": [
								"admin",
								"1"
							]
						}
					},
					"response": []
				},
				{
					"name": "add admin",
					"request": {
						"method": "POST",
						"header": [],
						"url": {
							"raw": "http://localhost:9999/admin",
							"protocol": "http",
							"host": [
								"localhost"
							],
							"port": "9999",
							"path": [
								"admin"
							]
						}
					},
					"response": []
				},
				{
					"name": "update Admin",
					"request": {
						"method": "PUT",
						"header": [],
						"url": {
							"raw": "http://localhost:9999/admin/1",
							"protocol": "http",
							"host": [
								"localhost"
							],
							"port": "9999",
							"path": [
								"admin",
								"1"
							]
						}
					},
					"response": []
				},
				{
					"name": "delete admin",
					"request": {
						"method": "DELETE",
						"header": [],
						"url": {
							"raw": "http://localhost:9999/admin/1",
							"protocol": "http",
							"host": [
								"localhost"
							],
							"port": "9999",
							"path": [
								"admin",
								"1"
							]
						}
					},
					"response": []
				}
			]
		},
		{
			"name": "User",
			"item": [
				{
					"name": "show all users",
					"request": {
						"method": "GET",
						"header": [],
						"url": {
							"raw": "http://localhost:9999/user",
							"protocol": "http",
							"host": [
								"localhost"
							],
							"port": "9999",
							"path": [
								"user"
							]
						}
					},
					"response": []
				},
				{
					"name": "user by Id",
					"request": {
						"method": "GET",
						"header": [],
						"url": {
							"raw": "http://localhost:9999/user/1",
							"protocol": "http",
							"host": [
								"localhost"
							],
							"port": "9999",
							"path": [
								"user",
								"1"
							]
						}
					},
					"response": []
				},
				{
					"name": "add user",
					"request": {
						"method": "POST",
						"header": [],
						"url": {
							"raw": "http://localhost:9999/user",
							"protocol": "http",
							"host": [
								"localhost"
							],
							"port": "9999",
							"path": [
								"user"
							]
						}
					},
					"response": []
				},
				{
					"name": "update user",
					"request": {
						"method": "PUT",
						"header": [],
						"url": {
							"raw": "http://localhost:9999/user",
							"protocol": "http",
							"host": [
								"localhost"
							],
							"port": "9999",
							"path": [
								"user"
							]
						}
					},
					"response": []
				},
				{
					"name": "delete user",
					"request": {
						"method": "DELETE",
						"header": [],
						"url": {
							"raw": "http://localhost:9999/user/1",
							"protocol": "http",
							"host": [
								"localhost"
							],
							"port": "9999",
							"path": [
								"user",
								"1"
							]
						}
					},
					"response": []
				}
			]
		},
		{
			"name": "train",
			"item": [
				{
					"name": "show all trains",
					"request": {
						"method": "GET",
						"header": [],
						"url": {
							"raw": "http://localhost:9999/train",
							"protocol": "http",
							"host": [
								"localhost"
							],
							"port": "9999",
							"path": [
								"train"
							]
						}
					},
					"response": []
				},
				{
					"name": "train by no",
					"request": {
						"method": "GET",
						"header": [],
						"url": {
							"raw": "http://localhost:9999/train/1",
							"protocol": "http",
							"host": [
								"localhost"
							],
							"port": "9999",
							"path": [
								"train",
								"1"
							]
						}
					},
					"response": []
				},
				{
					"name": "add train",
					"request": {
						"method": "POST",
						"header": [],
						"url": {
							"raw": "http://localhost:9999/user",
							"protocol": "http",
							"host": [
								"localhost"
							],
							"port": "9999",
							"path": [
								"user"
							]
						}
					},
					"response": []
				},
				{
					"name": "update train",
					"request": {
						"method": "PUT",
						"header": [],
						"url": {
							"raw": "http://localhost:9999/train",
							"protocol": "http",
							"host": [
								"localhost"
							],
							"port": "9999",
							"path": [
								"train"
							]
						}
					},
					"response": []
				},
				{
					"name": "delete train by id",
					"request": {
						"method": "DELETE",
						"header": [],
						"url": {
							"raw": "http://localhost:9999/train/1",
							"protocol": "http",
							"host": [
								"localhost"
							],
							"port": "9999",
							"path": [
								"train",
								"1"
							]
						}
					},
					"response": []
				},
				{
					"name": "search",
					"request": {
						"method": "GET",
						"header": []
					},
					"response": []
				}
			]
		},
		{
			"name": "Route",
			"item": [
				{
					"name": "show all routes",
					"request": {
						"method": "GET",
						"header": [],
						"url": {
							"raw": "http://localhost:9999/route",
							"protocol": "http",
							"host": [
								"localhost"
							],
							"port": "9999",
							"path": [
								"route"
							]
						}
					},
					"response": []
				},
				{
					"name": "route by id",
					"request": {
						"method": "GET",
						"header": [],
						"url": {
							"raw": "http://localhost:9999/route/1",
							"protocol": "http",
							"host": [
								"localhost"
							],
							"port": "9999",
							"path": [
								"route",
								"1"
							]
						}
					},
					"response": []
				},
				{
					"name": "add route",
					"request": {
						"method": "POST",
						"header": [],
						"url": {
							"raw": "http://localhost:9999/route",
							"protocol": "http",
							"host": [
								"localhost"
							],
							"port": "9999",
							"path": [
								"route"
							]
						}
					},
					"response": []
				},
				{
					"name": "update route",
					"request": {
						"method": "PUT",
						"header": [],
						"url": {
							"raw": "http://localhost:9999/route/1",
							"protocol": "http",
							"host": [
								"localhost"
							],
							"port": "9999",
							"path": [
								"route",
								"1"
							]
						}
					},
					"response": []
				},
				{
					"name": "delete route by id",
					"request": {
						"method": "DELETE",
						"header": [],
						"url": {
							"raw": "http://localhost:9999/route/1",
							"protocol": "http",
							"host": [
								"localhost"
							],
							"port": "9999",
							"path": [
								"route",
								"1"
							]
						}
					},
					"response": []
				}
			]
		},
		{
			"name": "Stations",
			"item": [
				{
					"name": "show all stations",
					"request": {
						"method": "GET",
						"header": [],
						"url": {
							"raw": "http://localhost:9999/stations",
							"protocol": "http",
							"host": [
								"localhost"
							],
							"port": "9999",
							"path": [
								"stations"
							]
						}
					},
					"response": []
				},
				{
					"name": "stations by id",
					"request": {
						"method": "GET",
						"header": [],
						"url": {
							"raw": "http://localhost:9999/stations/1",
							"protocol": "http",
							"host": [
								"localhost"
							],
							"port": "9999",
							"path": [
								"stations",
								"1"
							]
						}
					},
					"response": []
				},
				{
					"name": "add stations",
					"request": {
						"method": "POST",
						"header": [],
						"url": {
							"raw": "http://localhost:9999/stations",
							"protocol": "http",
							"host": [
								"localhost"
							],
							"port": "9999",
							"path": [
								"stations"
							]
						}
					},
					"response": []
				},
				{
					"name": "update station by id",
					"request": {
						"method": "PUT",
						"header": [],
						"url": {
							"raw": "http://localhost:9999/stations/1",
							"protocol": "http",
							"host": [
								"localhost"
							],
							"port": "9999",
							"path": [
								"stations",
								"1"
							]
						}
					},
					"response": []
				},
				{
					"name": "delete station by id",
					"request": {
						"method": "DELETE",
						"header": [],
						"url": {
							"raw": "http://localhost:9999/stations/1",
							"protocol": "http",
							"host": [
								"localhost"
							],
							"port": "9999",
							"path": [
								"stations",
								"1"
							]
						}
					},
					"response": []
				}
			]
		},
		{
			"name": "Status",
			"item": [
				{
					"name": "Status of train",
					"request": {
						"method": "GET",
						"header": [],
						"url": {
							"raw": "http://localhost:9999/status/train/1",
							"protocol": "http",
							"host": [
								"localhost"
							],
							"port": "9999",
							"path": [
								"status",
								"train",
								"1"
							]
						}
					},
					"response": []
				},
				{
					"name": "route by id",
					"request": {
						"method": "GET",
						"header": [],
						"url": {
							"raw": "http://localhost:9999/route/1",
							"protocol": "http",
							"host": [
								"localhost"
							],
							"port": "9999",
							"path": [
								"route",
								"1"
							]
						}
					},
					"response": []
				}
			]
		}
	]
}